<?xml version="1.0" encoding="UTF-8"?>
<project-private xmlns="http://www.netbeans.org/ns/project-private/1">
    <editor-bookmarks xmlns="http://www.netbeans.org/ns/editor-bookmarks/2" lastBookmarkId="0"/>
    <open-files xmlns="http://www.netbeans.org/ns/projectui-open-files/2">
        <group>
            <file>file:/Users/tatianagualotuna/Library/CloudStorage/Dropbox/Mac/Desktop/ZRespaldoPOO/DeportesAbstractaApp/src/deportesabstractaapp/GestorDeportesAbstracta.java</file>
            <file>file:/Users/tatianagualotuna/Library/CloudStorage/Dropbox/Mac/Desktop/ZRespaldoPOO/DeportesAbstractaApp/src/deportesabstractaapp/EdificioOficinas.java</file>
            <file>file:/Users/tatianagualotuna/Library/CloudStorage/Dropbox/Mac/Desktop/ZRespaldoPOO/DeportesAbstractaApp/src/deportesabstractaapp/InstalacionDeportiva.java</file>
            <file>file:/Users/tatianagualotuna/Library/CloudStorage/Dropbox/Mac/Desktop/ZRespaldoPOO/DeportesAbstractaApp/src/deportesabstractaapp/Edificio.java</file>
            <file>file:/Users/tatianagualotuna/Library/CloudStorage/Dropbox/Mac/Desktop/ZRespaldoPOO/DeportesAbstractaApp/src/deportesabstractaapp/Polideportivo.java</file>
        </group>
    </open-files>
</project-private>
